<?xml version="1.0" encoding="UTF-8"?>
<ExtensionManifest Version="4.0" ExtensionBundleId="com.madebysource.csshat2.extension" ExtensionBundleVersion="2.1.1" ExtensionBundleName="com.madebysource.csshat2">
    <ExtensionList>
        <Extension Id="com.madebysource.csshat2" Version="2.1.1" />
    </ExtensionList>
    <ExecutionEnvironment>
        <HostList>
            <Host Name="PHXS" Version="[15.0,16.9]" />
            <Host Name="PHSP" Version="[15.0,16.9]" />
        </HostList>
        <LocaleList>
            <Locale Code="All" />
        </LocaleList>
        <RequiredRuntimeList>
            <RequiredRuntime Name="CSXS" Version="4.0" />
        </RequiredRuntimeList>
    </ExecutionEnvironment>
    <DispatchInfoList>
        <Extension Id="com.madebysource.csshat2">
            <DispatchInfo >
                <Resources>
                    <MainPath>./index.html</MainPath>
                    
                </Resources>
                <Lifecycle>
                    <AutoVisible>true</AutoVisible>
                </Lifecycle>
                <UI>
                    <Type>Panel</Type>
                    <Menu>CSS Hat</Menu>
                    <Geometry>
                        <MaxSize>
                            <Height>1000</Height>
                            <Width>1000</Width>
                        </MaxSize>
                        <MinSize>
                            <Height>300</Height>
                            <Width>280</Width>
                        </MinSize>
                        <Size>
                            <Height>600</Height>
                            <Width>350</Width>
                        </Size>
                    </Geometry>
                    <Icons>
                        <Icon Type="Normal">./icons/icon-dark.png</Icon>
                        <Icon Type="RollOver">./icons/icon-dark.png</Icon>

                        <Icon Type="DarkNormal">./icons/icon-light.png</Icon>
                        <Icon Type="DarkRollOver">./icons/icon-light.png</Icon>
                    </Icons>
                </UI>
            </DispatchInfo>
        </Extension>
    </DispatchInfoList>
</ExtensionManifest>
